﻿Designator,Footprint,Quantity,Value,LCSC Part #
"@HOLE0, @HOLE1, @HOLE10, @HOLE2, @HOLE3, @HOLE4, @HOLE5, @HOLE6, @HOLE7, @HOLE8, @HOLE9",,11,,
"AUDIO_IN_1, AUDIO_IN_2, AUDIO_OUT_1, AUDIO_OUT_2, CV1_1, CV1_2, CV2_1, CV2_2",Jack_3.5mm_QingPu_WQP-PJ398SM_Vertical_1,8,PJ301BMPJ301BM,
"BIAS_1, BIAS_2",EVUF,2,100k,
"C1, C2, C3, C4",C050-024X044,4,.1uf,
"C6, C7","E2,5-5",2,10uf,
"CV_ATTN_1, CV_ATTN_2",EVUF,2,50k,
IC1,DIL14,1,TL074P,
IC2,DIL16,1,LM13700N,
"JP1, JP2, JP3, JP4",1X06,4,,
"JP5, JP6",1X04,2,,
PWR0,ML10,1,,
"Q1, Q3",TO92,2,2N3904,
"Q2, Q4",TO92,2,2N3906,
"R1, R2",S64YW,2,100k,
"R10, R30",0204_7,2,47k,
"R11, R31",0204_7,2,1k,
"R12, R32",0204_7,2,4.7k,
"R13, R15, R21, R33, R35, R41",0204_7,6,2k,
"R14, R16, R17, R18, R22, R23, R28, R34, R36, R37, R38, R42, R43, R8",0204_7,14,100k,
"R19, R39",0204_7,2,120k,
"R20, R26, R40, R46",0204_7,4,20k,
"R24, R44",0204_7,2,470R,
"R25, R45",0204_7,2,30k,
"R27, R7",0204_7,2,150R,
"R29, R9",0204_7,2,470k,
"R3, R4",S64YW,2,2k,
"R5, R6",0204_7,2,2M,
"S1, S2",M9040P,2,,
